{"cameraMode":{"drawMode":0,"name":"Shaded","section":"Shading Mode"},"sceneLighting":true,"audioPlay":false,"sceneViewState":{"m_AlwaysRefresh":false,"showFog":true,"showSkybox":true,"showFlares":true,"showImageEffects":true,"showParticleSystems":true,"showVisualEffectGraphs":true,"m_FxEnabled":true},"in2DMode":false,"pivot":{"x":549.5308227539063,"y":286.66375732421877,"z":1246.1395263671875},"rotation":{"x":0.013499601744115353,"y":7.993850772436417e-7,"z":-0.000002609426928756875,"w":0.9998909831047058},"size":929.9601440429688,"orthographic":false}