{"cameraMode":{"drawMode":0,"name":"Shaded","section":"Shading Mode"},"sceneLighting":true,"audioPlay":false,"sceneViewState":{"m_AlwaysRefresh":false,"showFog":true,"showSkybox":true,"showFlares":true,"showImageEffects":true,"showParticleSystems":true,"showVisualEffectGraphs":true,"m_FxEnabled":true},"in2DMode":false,"pivot":{"x":491.5657653808594,"y":164.67364501953126,"z":98.77349853515625},"rotation":{"x":-0.05391540378332138,"y":-0.046415477991104129,"z":-0.002508874051272869,"w":0.9974631071090698},"size":272.5458679199219,"orthographic":false}