{"cameraMode":{"drawMode":0,"name":"Shaded","section":"Shading Mode"},"sceneLighting":true,"audioPlay":false,"sceneViewState":{"m_AlwaysRefresh":false,"showFog":true,"showSkybox":true,"showFlares":true,"showImageEffects":true,"showParticleSystems":true,"showVisualEffectGraphs":true,"m_FxEnabled":true},"in2DMode":false,"pivot":{"x":-7.133487224578857,"y":-79.69746398925781,"z":226.38272094726563},"rotation":{"x":0.17749722301959992,"y":-0.025092819705605508,"z":0.004524555988609791,"w":0.9837955236434937},"size":131.9027862548828,"orthographic":false}