{"cameraMode":{"drawMode":0,"name":"Shaded","section":"Shading Mode"},"sceneLighting":true,"audioPlay":false,"sceneViewState":{"m_AlwaysRefresh":false,"showFog":true,"showSkybox":true,"showFlares":true,"showImageEffects":true,"showParticleSystems":true,"showVisualEffectGraphs":true,"m_FxEnabled":true},"in2DMode":false,"pivot":{"x":316.24639892578127,"y":267.2025146484375,"z":117.18853759765625},"rotation":{"x":0.04348597675561905,"y":0.007492545526474714,"z":-0.0003266175335738808,"w":0.9990301728248596},"size":350.4244079589844,"orthographic":false}