{"cameraMode":{"drawMode":0,"name":"Shaded","section":"Shading Mode"},"sceneLighting":true,"audioPlay":false,"sceneViewState":{"m_AlwaysRefresh":false,"showFog":true,"showSkybox":true,"showFlares":true,"showImageEffects":true,"showParticleSystems":true,"showVisualEffectGraphs":true,"m_FxEnabled":true},"in2DMode":false,"pivot":{"x":12.736764907836914,"y":-195.2047882080078,"z":235.20870971679688},"rotation":{"x":0.33948782086372378,"y":0.025391874834895135,"z":-0.009170356206595898,"w":0.9402337670326233},"size":165.57228088378907,"orthographic":false}