{"cameraMode":{"drawMode":0,"name":"Shaded","section":"Shading Mode"},"sceneLighting":true,"audioPlay":false,"sceneViewState":{"m_AlwaysRefresh":false,"showFog":true,"showSkybox":true,"showFlares":true,"showImageEffects":true,"showParticleSystems":true,"showVisualEffectGraphs":true,"m_FxEnabled":true},"in2DMode":false,"pivot":{"x":244.7748565673828,"y":164.21563720703126,"z":4.00054931640625},"rotation":{"x":0.022494476288557054,"y":0.017994476482272149,"z":-0.00040494423592463136,"w":0.9995850920677185},"size":163.48092651367188,"orthographic":false}