{"cameraMode":{"drawMode":0,"name":"Shaded","section":"Shading Mode"},"sceneLighting":true,"audioPlay":false,"sceneViewState":{"m_AlwaysRefresh":false,"showFog":true,"showSkybox":true,"showFlares":true,"showImageEffects":true,"showParticleSystems":true,"showVisualEffectGraphs":true,"m_FxEnabled":true},"in2DMode":false,"pivot":{"x":374.85687255859377,"y":235.67684936523438,"z":936.967529296875},"rotation":{"x":0.03597670793533325,"y":-0.029976295307278634,"z":0.001076960819773376,"w":0.9989105463027954},"size":812.6220092773438,"orthographic":false}