{"cameraMode":{"drawMode":0,"name":"Shaded","section":"Shading Mode"},"sceneLighting":true,"audioPlay":false,"sceneViewState":{"m_AlwaysRefresh":false,"showFog":true,"showSkybox":true,"showFlares":true,"showImageEffects":true,"showParticleSystems":true,"showVisualEffectGraphs":true,"m_FxEnabled":true},"in2DMode":false,"pivot":{"x":0.37947148084640505,"y":0.2689781188964844,"z":0.028921127319335939},"rotation":{"x":0.2580353319644928,"y":0.010143600404262543,"z":-0.0027093137614428999,"w":0.9660869240760803},"size":9.856773376464844,"orthographic":false}