{"cameraMode":{"drawMode":0,"name":"Shaded","section":"Shading Mode"},"sceneLighting":true,"audioPlay":false,"sceneViewState":{"m_AlwaysRefresh":false,"showFog":true,"showSkybox":true,"showFlares":true,"showImageEffects":true,"showParticleSystems":true,"showVisualEffectGraphs":true,"m_FxEnabled":true},"in2DMode":false,"pivot":{"x":549.932373046875,"y":206.49563598632813,"z":938.7874755859375},"rotation":{"x":0.023997927084565164,"y":0.004498778842389584,"z":-0.00011071799963247031,"w":0.9997095465660095},"size":747.8160400390625,"orthographic":false}