{"cameraMode":{"drawMode":0,"name":"Shaded","section":"Shading Mode"},"sceneLighting":true,"audioPlay":false,"sceneViewState":{"m_AlwaysRefresh":false,"showFog":true,"showSkybox":true,"showFlares":true,"showImageEffects":true,"showParticleSystems":true,"showVisualEffectGraphs":true,"m_FxEnabled":true},"in2DMode":false,"pivot":{"x":-1.3982579708099366,"y":-27.108173370361329,"z":20.28324317932129},"rotation":{"x":0.42436033487319949,"y":-0.00980362668633461,"z":0.004575895611196756,"w":0.9053682088851929},"size":25.748279571533204,"orthographic":false}