{"cameraMode":{"drawMode":0,"name":"Shaded","section":"Shading Mode"},"sceneLighting":true,"audioPlay":false,"sceneViewState":{"m_AlwaysRefresh":false,"showFog":true,"showSkybox":true,"showFlares":true,"showImageEffects":true,"showParticleSystems":true,"showVisualEffectGraphs":true,"m_FxEnabled":true},"in2DMode":false,"pivot":{"x":625.8826293945313,"y":284.7707824707031,"z":0.38726806640625},"rotation":{"x":0.01199998240917921,"y":0.0015000218991190196,"z":-0.000019947250621044077,"w":0.9999340176582336},"size":387.6205749511719,"orthographic":false}