{"cameraMode":{"drawMode":0,"name":"Shaded","section":"Shading Mode"},"sceneLighting":true,"audioPlay":false,"sceneViewState":{"m_AlwaysRefresh":false,"showFog":true,"showSkybox":true,"showFlares":true,"showImageEffects":true,"showParticleSystems":true,"showVisualEffectGraphs":true,"m_FxEnabled":true},"in2DMode":false,"pivot":{"x":1.05811607837677,"y":-179.52767944335938,"z":264.5503845214844},"rotation":{"x":0.2955227494239807,"y":0.0014324634103104473,"z":-0.00044540432281792164,"w":0.9553442597389221},"size":165.57228088378907,"orthographic":false}