{"cameraMode":{"drawMode":0,"name":"Shaded","section":"Shading Mode"},"sceneLighting":true,"audioPlay":false,"sceneViewState":{"m_AlwaysRefresh":false,"showFog":true,"showSkybox":true,"showFlares":true,"showImageEffects":true,"showParticleSystems":true,"showVisualEffectGraphs":true,"m_FxEnabled":true},"in2DMode":false,"pivot":{"x":572.02099609375,"y":217.72152709960938,"z":2172.602783203125},"rotation":{"x":0.022494476288557054,"y":0.017994476482272149,"z":-0.00040494423592463136,"w":0.9995850920677185},"size":1489.143310546875,"orthographic":false}