{"cameraMode":{"drawMode":0,"name":"Shaded","section":"Shading Mode"},"sceneLighting":true,"audioPlay":false,"sceneViewState":{"m_AlwaysRefresh":false,"showFog":true,"showSkybox":true,"showFlares":true,"showImageEffects":true,"showParticleSystems":true,"showVisualEffectGraphs":true,"m_FxEnabled":true},"in2DMode":false,"pivot":{"x":-0.8998983502388,"y":-109.03130340576172,"z":156.45257568359376},"rotation":{"x":0.3041037917137146,"y":-0.002857169136404991,"z":0.0009134339052252471,"w":0.9526317119598389},"size":101.33026885986328,"orthographic":false}