{"cameraMode":{"drawMode":0,"name":"Shaded","section":"Shading Mode"},"sceneLighting":true,"audioPlay":false,"sceneViewState":{"m_AlwaysRefresh":false,"showFog":true,"showSkybox":true,"showFlares":true,"showImageEffects":true,"showParticleSystems":true,"showVisualEffectGraphs":true,"m_FxEnabled":true},"in2DMode":false,"pivot":{"x":503.9527587890625,"y":290.53875732421877,"z":931.951416015625},"rotation":{"x":0.01799844019114971,"y":-0.01049810741096735,"z":0.0001861673081293702,"w":0.9997914433479309},"size":943.8693237304688,"orthographic":false}